id,name,password,phone_number,email
1,홍길동,asdf1234,010-1234-4321,qwer1231@naver.com
2,홍명보,asdf1233,010-1657-2121,qwer1232@naver.com
3,박지성,asdf1235,010-1543-3499,qwer1233@naver.com
4,차범근,asdf2567,010-1544-4429,qwer1234@naver.com
5,손흥민,asdf2568,010-1545-5484,qwer1235@naver.com
6,이영표,asdf2569,010-1546-6491,qwer1236@naver.com
7,유상철,asdf2900,010-1547-7493,qwer1237@naver.com
8,안정환,asdf5678,010-1548-8495,qwer1238@naver.com
9,이운재,asdf5578,010-1549-9479,qwer1239@naver.com
10,김남일,asdf5432,010-1410-1046,qwer1230@naver.com